x,y,z,type
338,33,32,minecraft:chest
340,33,34,minecraft:mob_spawner
327,26,195,minecraft:chest
321,26,195,minecraft:chest
324,26,193,minecraft:mob_spawner
311,26,234,minecraft:mob_spawner
308,26,235,minecraft:chest
149,56,84,minecraft:mob_spawner
150,56,82,minecraft:chest
153,14,155,minecraft:chest
155,14,156,minecraft:mob_spawner
157,14,157,minecraft:chest
409,13,-18,minecraft:chest
408,13,-20,minecraft:mob_spawner
406,13,-20,minecraft:chest
146,68,282,minecraft:beehive
334,42,-42,minecraft:chest
430,58,-26,minecraft:chest
336,42,-43,minecraft:mob_spawner
337,42,-46,minecraft:chest
434,58,-27,minecraft:chest
432,58,-26,minecraft:mob_spawner
101,29,-75,minecraft:mob_spawner
120,23,-111,minecraft:mob_spawner
51,71,22,minecraft:chest
74,24,-121,minecraft:mob_spawner
216,25,-123,minecraft:chest
217,25,-125,minecraft:mob_spawner
215,25,-126,minecraft:chest
133,33,-150,minecraft:mob_spawner
7,86,140,minecraft:beehive
528,13,166,minecraft:mob_spawner
531,13,166,minecraft:chest
-9,39,135,minecraft:chest
-8,39,138,minecraft:chest
-10,39,137,minecraft:mob_spawner
338,45,-204,minecraft:chest
340,45,-205,minecraft:mob_spawner
338,45,-206,minecraft:chest
575,67,316,minecraft:beehive
429,46,-251,minecraft:mob_spawner
428,46,-253,minecraft:chest
428,46,-252,minecraft:chest
302,26,-250,minecraft:chest
300,26,-248,minecraft:mob_spawner
299,26,-250,minecraft:chest
620,32,-216,minecraft:mob_spawner
621,32,-219,minecraft:chest
555,40,411,minecraft:mob_spawner
555,40,409,minecraft:chest
574,23,-245,minecraft:mob_spawner
526,74,-264,minecraft:bed
527,74,-264,minecraft:bed
528,74,-264,minecraft:chest
539,76,-277,minecraft:bed
538,76,-277,minecraft:bed
527,72,-293,minecraft:bed
526,72,-293,minecraft:bed
635,28,-116,minecraft:mob_spawner
271,20,460,minecraft:mob_spawner
-119,55,-156,minecraft:chest
-117,55,-158,minecraft:mob_spawner
-121,32,-121,minecraft:chest
-121,32,-124,minecraft:mob_spawner
471,73,-307,minecraft:bed
473,73,-307,minecraft:chest
472,73,-307,minecraft:bed
136,39,-318,minecraft:chest
182,11,-316,minecraft:mob_spawner
184,11,-315,minecraft:chest
181,11,-314,minecraft:chest
537,69,-315,minecraft:chest
646,82,18,minecraft:chest
371,71,456,minecraft:beehive
541,75,450,minecraft:beehive
653,35,460,minecraft:chest
650,35,461,minecraft:mob_spawner
649,35,458,minecraft:chest
532,73,-324,minecraft:bell
363,56,-331,minecraft:chest
361,56,-334,minecraft:mob_spawner
361,56,-331,minecraft:chest
515,37,-335,minecraft:mob_spawner
517,37,-335,minecraft:chest
507,67,-329,minecraft:bed
507,67,-330,minecraft:bed
497,67,-328,minecraft:bed
497,67,-329,minecraft:bed
545,69,-333,minecraft:bed
546,69,-333,minecraft:bed
133,39,-321,minecraft:mob_spawner
617,31,-335,minecraft:mob_spawner
