x,y,z,uuid,type,alive,display_name,custom_name
-198.0,63.0,-183.0,2b89debd-876d-4a6c-ac89-0ce376d78acd,minecraft:cow,true,Cow,[null]
-194.0,63.0,-186.0,e5b730e6-7b01-465c-b83e-39d6c614ffb5,minecraft:cow,true,Cow,[null]
-203.18515353875821,63.0,-193.25035975859464,bfb6fee6-c981-44f3-9348-6553904beb34,minecraft:cow,true,Cow,[null]
-197.0,63.0,-183.0,fc2abf66-1cb8-419a-8997-2db6a38dd5f3,minecraft:cow,true,Cow,[null]
-292.4912837479019,85.0,-170.9550147921685,165dae99-0ffc-432e-8b67-b947d3fe22c7,minecraft:wolf,true,Wolf,[null]
-285.8939064293948,74.0,-175.47744657959183,47d7948f-073f-4f10-94f5-6842a639019d,minecraft:wolf,true,Wolf,[null]
-289.50007887233147,78.0,-174.28509329535805,2e5469a9-721d-4239-af35-3c0c5cf294c9,minecraft:wolf,true,Wolf,[null]
-287.69999998807907,74.0,-174.80070936246963,45c6502c-afc5-4842-a7d7-05ad44ea34d0,minecraft:wolf,true,Wolf,[null]
-242.1082299001508,69.0,-245.61537057630102,5818a0ab-2bd7-4fcf-9007-b5c285ca5ba7,minecraft:chicken,true,Chicken,[null]
-159.74160881442003,64.0,-226.51100509067487,5ac1e0fd-6494-4a12-b6c8-598e416f0e20,minecraft:sheep,true,Sheep,[null]
-162.0,65.0,-237.0,5e274dca-edb2-470b-b790-1c06c76a5921,minecraft:wolf,true,Wolf,[null]
-160.38517968516908,65.0,-237.73335728117385,75d32acc-724e-4500-8c03-4dd0f6c8b9ae,minecraft:wolf,true,Wolf,[null]
-162.68924638219823,65.0,-234.25593383822547,8dce9b98-ad37-441b-8f2a-e1291cb0bcd9,minecraft:wolf,true,Wolf,[null]
-161.81241037988175,67.0,-234.68055335495302,d1885541-88e7-45c2-8d8c-ceff92a46eba,minecraft:wolf,true,Wolf,[null]
-167.0,68.0,-172.0,97d85945-6105-4be2-abd5-511dc40882fa,minecraft:cow,true,Cow,[null]
-165.0,68.0,-173.0,0708987a-947d-4d8b-8788-456fe548c515,minecraft:cow,true,Cow,[null]
-164.0,68.0,-173.0,a4077447-4852-482b-af33-84f613521b70,minecraft:cow,true,Cow,[null]
-166.0,68.0,-174.0,864a6550-286c-4bbc-9d8c-b3164da729ed,minecraft:cow,true,Cow,[null]
-309.0,67.0,-87.0,1cc874b6-6fdf-4511-b7dd-d9cc8f2f21b7,minecraft:cow,true,Cow,[null]
-132.5016332921444,94.0,-224.85577495729942,e5bd9caa-6959-47fc-af15-73eb0080d8e0,minecraft:pig,true,Pig,[null]
-131.4986379778834,96.0,-222.5957266751841,2766b944-fd9a-4f90-819f-02d72cfa078b,minecraft:pig,true,Pig,[null]
-205.5004785252942,72.0,-36.731107603060536,aa971189-e7c0-405c-ae6d-4d649e5c8dae,minecraft:sheep,true,Sheep,[null]
-216.28347727880043,76.0,-34.762214428043166,9d91247f-8a4d-4de2-a9ce-c89a9c79b473,minecraft:sheep,true,Sheep,[null]
-211.66422518983842,66.0,-43.66400668626473,32ba5695-1d6d-403b-bac1-eede0b076214,minecraft:sheep,true,Sheep,[null]
-313.88499999046326,12.0,-292.49000000953674,60647bba-ab0a-466b-93fa-cbb4e0ca19a5,minecraft:chest_minecart,true,Minecart with Chest,[null]
-115.92684329703482,68.0,-121.07438791250637,8ab26088-7188-49d4-9549-51e35a225193,minecraft:chicken,true,Chicken,[null]
-117.0,73.0,-158.0,7aee5980-f0f4-426b-8a0c-f57a5196bb71,minecraft:sheep,true,Sheep,[null]
-107.73110744375819,80.0,-157.50039791620873,ee9449ed-47d1-4fa2-9b89-dd896d363774,minecraft:sheep,true,Sheep,[null]
-115.0,74.0,-159.0,690809ef-7714-48e2-826c-a95170b950ac,minecraft:sheep,true,Sheep,[null]
-107.77194134124133,79.0,-158.47962009287082,6acdacaf-dd6d-45c7-bd0a-1ba0b858ed6c,minecraft:sheep,true,Sheep,[null]
-125.0,65.0,-43.0,d0d9f626-5cd7-49c5-b860-038058b4958a,minecraft:pig,true,Pig,[null]
-266.0,72.0,-30.0,2cf008e2-406f-450a-8abe-a1ce196a2fc9,minecraft:chicken,true,Chicken,[null]
-269.0,71.0,-30.0,2af487a8-5a9e-48f1-a1de-4d574a5c25aa,minecraft:chicken,true,Chicken,[null]
-270.0,71.0,-30.0,b272b8b2-af69-41e8-a970-edce9cabd76e,minecraft:chicken,true,Chicken,[null]
-225.4188785502349,74.0,-309.11929774871913,8b02ccbc-a37f-4a0d-b1ca-2cb79358efbc,minecraft:pig,true,Pig,[null]
-236.0,72.0,-315.0,e33db0c0-2e70-43da-9490-0c031b2f2148,minecraft:pig,true,Pig,[null]
-227.7981418409635,75.0,-306.7406571036289,d5131cc1-b2d6-4abb-9da4-75799f8fe005,minecraft:pig,true,Pig,[null]
-236.0,73.0,-312.0,f979290e-a01d-4492-a471-6d7fcf170fe8,minecraft:pig,true,Pig,[null]
-203.83111136537443,67.0,-303.7685109825293,5a867a83-f08c-405d-8240-af86f3a9dfee,minecraft:chicken,true,Chicken,[null]
-213.51019282077738,72.0,-295.4513821128329,eff774d3-00a6-402b-9b79-0daf033a96a5,minecraft:chicken,true,Chicken,[null]
-292.0,64.0,-26.0,c8abe173-4449-4aff-a0cd-fbf523ccef1f,minecraft:chicken,true,Chicken,[null]
-284.5,16.5,-321.5,e6cabc10-8a19-4a28-beba-40727b9ebfa6,minecraft:chest_minecart,true,Minecart with Chest,[null]
-109.68328425862552,71.0,-2.2309498436508024,918b472d-b156-4dfd-b922-d3ee45bf4a92,minecraft:cow,true,Cow,[null]
-111.46932549955221,71.0,0.07701445429739312,f1083491-1463-48bf-9f6c-8a5571f36683,minecraft:cow,true,Cow,[null]
-108.78635611990612,71.0,-9.13515486352022,3e342b43-c72a-46ee-acca-1592f1fcba11,minecraft:cow,true,Cow,[null]
-113.02680527645514,71.0,0.013234809229858452,5ae19fc3-5239-4f75-be14-6f9948fcf704,minecraft:cow,true,Cow,[null]
-82.0,72.0,-8.0,9bf21235-3fae-4461-999c-1108cf017de0,minecraft:sheep,true,Sheep,[null]
-84.0,72.0,-9.0,0a474282-25d2-4866-a51d-6e0a4980c94a,minecraft:sheep,true,Sheep,[null]
-85.0,72.0,-8.0,c1bae849-fdff-41ee-a388-0aed25277e64,minecraft:sheep,true,Sheep,[null]
-83.0,72.0,-7.0,401f32df-e03b-4d51-b4bf-2d9db2972145,minecraft:sheep,true,Sheep,[null]
-408.5,30.0625,-64.5,38cc51c0-8707-4de7-ab53-507a9a611401,minecraft:chest_minecart,true,Minecart with Chest,[null]
-411.5,30.5,11.5,bcfbca71-9043-495d-befd-edd2be8a2028,minecraft:chest_minecart,true,Minecart with Chest,[null]
-74.0,106.0,-225.0,fb93f67f-fc6a-40d1-8d4e-4d671fa1755f,minecraft:pig,true,Pig,[null]
-102.0,72.0,7.0,437222fc-d7ea-4ff8-8880-836a67a515c6,minecraft:horse,true,Horse,[null]
-99.0,72.0,5.0,62e41fbd-ec02-4dad-a851-a0a701475f64,minecraft:horse,true,Horse,[null]
-99.0,72.0,5.0,5c0eaf58-b6ee-43b1-86b3-809c10c77278,minecraft:horse,true,Horse,[null]
-101.0,72.0,8.0,bcadd39b-83a6-4cdb-9dd9-35a757df75cc,minecraft:horse,true,Horse,[null]
-102.0,72.0,7.0,4b34fcec-72f4-40af-bfc9-329fddba4ed1,minecraft:horse,true,Horse,[null]
-102.0,72.0,4.0,f1a84c38-4223-4736-95fa-8fc33cb19810,minecraft:horse,true,Horse,[null]
-350.6629195389074,64.01930655733322,-320.082360658909,e35f153c-7855-4fed-95c2-ae778cd4fcbb,minecraft:bee,true,Bee,[null]
-281.3241570370394,82.863015599929,-295.7393008671269,49fb8f5b-6011-42d4-97d9-739b0517be2e,minecraft:bee,true,Bee,[null]
-442.5,28.0625,-1.5,5b006bdf-c4be-4b94-9593-585b132958d5,minecraft:chest_minecart,true,Minecart with Chest,[null]
-418.47329740908464,74.94179991365067,-23.43585374675045,b4297fe0-31bf-449e-89ab-17c2a3ede68b,minecraft:bee,true,Bee,[null]
-422.25,30.0,-69.125,067d2042-bdc3-4cc2-8582-9b6dc3addcb1,minecraft:item,true,Rail,[null]
-412.27226045827797,63.0,-123.23936468972474,374a838b-7078-4f1f-8f10-91f020593d08,minecraft:bee,true,Bee,[null]
-423.86267824202,30.0,-69.82173327920209,0744e6b4-a300-4e66-989e-8dffedd1d5d4,minecraft:item,true,Rail,[null]
-133.0,64.0,30.0,4cebadf3-389c-4b6e-a590-44ecf3980d8d,minecraft:horse,true,Horse,[null]
-129.396484375,64.0,30.0,0d180a48-3824-48e2-9468-0c0796940488,minecraft:horse,true,Horse,[null]
-134.0,64.0,30.0,e711a4d0-ce94-456a-b7fe-4c4dde6f277f,minecraft:horse,true,Horse,[null]
-408.5,66.19999998807907,16.399999994039536,b48edb36-351d-478a-b303-082f83c8a682,minecraft:bee,true,Bee,[null]
-393.3134009358372,65.74634338391552,-120.3175504560584,d7a09da1-49f6-41a6-8d70-4fdca523db16,minecraft:bee,true,Bee,[null]
-408.5,66.19999998807907,16.399999994039536,a0daf6be-a04a-4a06-8296-6f4ea92ae79b,minecraft:bee,true,Bee,[null]
-408.5,66.19999998807907,16.399999994039536,9533c61a-7dfe-4a38-a898-9a3a925ccb7a,minecraft:bee,true,Bee,[null]
-271.50904740919214,16.0,-268.27169266028653,a124ca0e-60cc-4f9b-8b9b-2ea715019066,minecraft:enderman,true,Enderman,[null]
-298.1744773052157,64.0,-152.81972039569175,1aa80bfb-c385-4d92-a5d6-af1ee41001a9,bluephantom:spectral_phantom,true,entity.bluephantom.spectral_phantom,[null]
-350.91181076885937,73.10194633481007,-125.92411430661016,0aed419e-3808-4418-9d33-b6e657e5a850,minecraft:bee,true,Bee,[null]
-454.5,33.5,-68.5,b8c9212b-375e-4e84-8257-76a910b2da22,minecraft:chest_minecart,true,Minecart with Chest,[null]
-457.5,29.5,-33.5,3089e3ea-3eb0-4c9e-81f9-dba59e354854,minecraft:chest_minecart,true,Minecart with Chest,[null]
-455.5,29.5,-31.5,f07621a7-b876-48f7-8ad9-c39f126c0795,minecraft:chest_minecart,true,Minecart with Chest,[null]
-226.25456382168719,58.0,-151.2109803763769,e9730923-4853-49b7-8e54-acb78b3a79e7,minecraft:skeleton,true,Skeleton,[null]
-231.30000001192093,43.10000002384186,-89.30000001192093,c3410e8f-d38e-494f-9a47-c40f3f4a34c5,minecraft:spider,true,Spider,[null]
-116.86603875621502,68.0,-120.68967852393556,f73894d9-4992-4010-92f3-531bf2fc1918,minecraft:item,true,Egg,[null]
-222.81429422176174,42.0,-85.25029451437055,d7d116a4-2436-4e32-8bc8-b408e4264da8,minecraft:zombie,true,Zombie,[null]
-284.32582304659144,61.0,-116.79995286883356,3f036526-c545-4f8d-9925-de66cba3eb9e,minecraft:salmon,true,Salmon,[null]
-292.24920636445876,63.0,-24.940361341449353,9e15b401-496a-490c-bfa4-8043e2d74674,minecraft:item,true,Egg,[null]
-352.33623698167503,56.94452811172232,-195.96431535854936,5a9037bf-9551-4c39-b252-7a50dee10d97,minecraft:squid,true,Squid,[null]
-249.24999999999994,19.100000023841858,-257.25,d8227c61-f047-4ba7-a0bb-b5b65554d8fe,minecraft:bat,true,Bat,[null]
-295.9224546655944,64.0,-149.50688164769352,93a6fd49-f6ed-494a-945e-5e2f87d7a746,minecraft:player,true,platipus25,[null]
-243.5,24.0,-179.5,fb821ab3-f0d5-4be7-929f-eb39dbaf8975,minecraft:creeper,true,Creeper,[null]
-264.75,17.100000023841858,-263.36743449022794,a1850a64-1de0-4a60-b06c-95d3af3bb1ad,minecraft:bat,true,Bat,[null]
-220.79094445452606,72.74712397432077,-290.44254334527994,5f249795-7d63-48b5-bac4-d48ffdd7ccaa,minecraft:bee,true,Bee,[null]
-311.91730587330966,59.23535294809145,-147.67590732367827,3b86460a-55e5-4c4a-bdcf-4e0816baa2c2,minecraft:salmon,true,Salmon,[null]
-187.5,27.0,-114.5,c8585650-9db9-42c6-bd71-e77a6a1dddfd,minecraft:creeper,true,Creeper,[null]
-364.78009024507077,59.016691743861884,-183.0494915258954,cca064fe-b153-4590-ac73-42b0172ea91b,minecraft:squid,true,Squid,[null]
-203.327276921912,67.0,-303.0010111858933,44c5c361-72b3-47a0-aee2-98c244f74859,minecraft:item,true,Egg,[null]
-225.5,52.0,-163.5,d6f8c98a-dcfb-4558-826f-88ffb823ae4f,minecraft:zombie,true,Zombie,[null]
-274.5,62.69790748685104,-109.5,d68bafa4-14ef-4638-9337-d2bcb6e8ff24,minecraft:salmon,true,Salmon,[null]
-210.56695830322704,50.0,-220.80345089038244,3505d11d-afce-419c-920a-e263c61a2a54,minecraft:skeleton,true,Skeleton,[null]
-286.5591033680821,61.0,-117.5952673921195,f483c0e1-db53-4476-9016-4b171ef32c80,minecraft:salmon,true,Salmon,[null]
-233.5,21.0,-240.5,0e2f4688-10ba-4843-96ab-a5f4d5011cb1,minecraft:creeper,true,Creeper,[null]
-312.99554635098644,60.01786503959001,-144.60168068655284,cf4ae68f-9922-476a-944e-a78250fd18b1,minecraft:salmon,true,Salmon,[null]
-312.4659214062611,59.94886332901914,-146.56265832295526,3ed6a97d-9f62-47dd-941b-5e5816d9f67e,minecraft:salmon,true,Salmon,[null]
-343.5,32.0,-193.5,b506d112-3353-47a4-9174-8c42d667d376,minecraft:creeper,true,Creeper,[null]
-274.57708306104496,61.96634533286577,-110.60147569795767,31f29220-5fa1-44f1-94af-b1bd6a8f71ec,minecraft:salmon,true,Salmon,[null]
-312.23711809568255,59.88092792444928,-145.79585855097696,8fdd3f79-9663-48ce-b647-19fd21531af5,minecraft:salmon,true,Salmon,[null]
-330.59482546988875,61.90975525602698,-232.40537981130183,3321afde-a88a-4666-b593-70211ca608bd,minecraft:squid,true,Squid,[null]
-338.7821560869925,58.196362036280334,-229.3627907577902,4bb63566-8a3d-4696-99b2-e5897bc20d09,minecraft:squid,true,Squid,[null]
-248.5,15.0,-240.5,d9662c87-0add-4c72-a544-c391de602f44,minecraft:zombie,true,Zombie,[null]
-254.7499999999998,58.666879710052456,-179.620680411219,4c8accf7-de66-472d-9b5e-0d4d8ff51932,minecraft:bat,true,Bat,[null]
-269.4634439353446,71.0,-30.92977880084506,417d37ef-277a-4ff7-9515-0b53893ef0eb,minecraft:item,true,Egg,[null]
-325.18524811535065,74.198494512374,-183.26113839608965,c6e93dd4-a0c1-4809-ab17-a06bdbbf8039,minecraft:bee,true,Bee,[null]
-254.5,64.0,-237.5,42431d9a-6642-4fe4-8bc2-c2ef26108e3f,minecraft:skeleton,true,Skeleton,[null]
-267.4612185374508,18.100000023841858,-226.125,29ffa88d-05b8-4786-9677-afcecb4ab7e6,minecraft:bat,true,Bat,[null]
-312.7321612868821,17.0,-51.45134335898559,dd7a2418-ff19-4c54-ae14-1a0d50e544eb,minecraft:zombie,true,Zombie,[null]
-217.20301036063728,44.0,-181.57079402531951,e32af4a4-7584-4d91-ac0d-6fab041c5d88,minecraft:creeper,true,Creeper,[null]
-250.1451390272995,63.0,-236.85723128668903,cce40654-3933-4b2a-9bf5-f90a679f6ff2,minecraft:creeper,true,Creeper,[null]
-213.01318232547212,28.0,-74.41365997855509,0fa0732b-6509-43c6-b5be-cbe1974bd1c4,minecraft:spider,true,Spider,[null]
-207.53881834278886,29.0,-80.20201974977246,39dfe9da-6409-4475-9998-93c5b1ec5479,minecraft:creeper,true,Creeper,[null]
-207.83202229229923,29.0,-73.49181408315437,78e2d200-9fd1-4df0-b263-29f6ebafe176,minecraft:creeper,true,Creeper,[null]
-260.5,25.0,-36.5,9f398184-2e96-4489-a3b0-1ad5abaf986d,minecraft:creeper,true,Creeper,[null]
-226.7520932907476,18.0,-241.19902621036618,2359cea2-d465-4e54-951e-ad367b67325e,minecraft:skeleton,true,Skeleton,[null]
-239.5,18.0,-235.5,ae7cc0a9-4f97-43af-b56e-5374ed7f7475,minecraft:creeper,true,Creeper,[null]
-240.5,18.0,-236.5,c61c720d-dd64-4cb1-9141-841bc7031384,minecraft:creeper,true,Creeper,[null]
-330.69380944401564,81.76283010675564,-167.50949061807614,a8e0713e-37f5-4bc7-95e4-fc9ef0d2347a,minecraft:bee,true,Bee,[null]
-279.5,14.0,-260.5,0f6ce57d-dbe9-43d9-a7e7-ed69000fa3ee,minecraft:skeleton,true,Skeleton,[null]
-277.50619317661085,15.0,-258.2558726524977,094ccb4f-347b-416d-b865-8350653ae266,minecraft:enderman,true,Enderman,[null]
-298.8047355073256,59.12142730905955,-126.88025704881433,2f108870-7ba0-442a-96a7-95215b4086fe,minecraft:salmon,true,Salmon,[null]
-299.4436774401822,58.931551171332444,-125.72932683030928,35151607-cc22-4332-aa41-39973166c8c5,minecraft:salmon,true,Salmon,[null]
-234.5,40.0,-51.5,60f22573-5e3d-40ea-a579-f05b1fa4d563,minecraft:creeper,true,Creeper,[null]
-230.31819274082275,38.0,-53.51290699565667,703cad23-631d-4fd1-aa80-580b978738e2,minecraft:creeper,true,Creeper,[null]
-252.5,22.0,-174.5,059f0f3c-bb2c-4fd8-87a8-234ecce490d7,minecraft:enderman,true,Enderman,[null]
-252.5,22.0,-173.5,755f53cd-b321-477c-9875-597539fdc535,minecraft:enderman,true,Enderman,[null]
-295.724604061234,33.11628178964763,-147.8647722762441,cbcbb3b5-57a6-4076-a3a2-a62237c3cdc9,minecraft:bat,true,Bat,[null]
-294.14327019960604,33.0699677867771,-148.75,8f96264b-664c-4743-9b1a-de071312ed23,minecraft:bat,true,Bat,[null]
-202.5,47.0,-76.5,3164987f-9d8f-4545-b2bd-f10d6614337d,minecraft:skeleton,true,Skeleton,[null]
-223.5,56.0,-118.5,2e758ca3-ac7c-4ed8-bbff-2736b75283c7,minecraft:skeleton,true,Skeleton,[null]
-226.5,55.0,-255.5,05307e32-a3f3-452d-975a-8e915b1ca947,minecraft:spider,true,Spider,[null]
-226.5,55.0,-250.5,283b66d5-2674-405a-b87a-4f3160650843,minecraft:zombie,true,Zombie,[null]
-227.83769760361255,55.0,-252.83770674827568,f718c12e-3a9c-4dfb-9850-2ef4ae5120da,minecraft:skeleton,true,Skeleton,[null]
-275.4690143043366,62.038082412394886,-110.48515633758768,7bbd4bef-170b-4948-bcc0-a4562b987af2,minecraft:salmon,true,Salmon,[null]
-268.42395763433154,55.91436548827614,-101.42783379597059,12508b1a-7de1-480d-8d5f-4648f9348ae8,minecraft:salmon,true,Salmon,[null]
-270.6289518323721,55.0,-102.44136509773288,cf2036bb-4aff-4f73-a399-be1c25ea5286,minecraft:salmon,true,Salmon,[null]
-269.9132325385493,55.0,-102.34999999403954,1402ba27-1340-4720-8f64-5c7f25a8f200,minecraft:salmon,true,Salmon,[null]
-300.6474723571297,60.41927331201168,-125.74397752587065,d373c151-c406-4559-8c24-2b74bcd8f301,minecraft:salmon,true,Salmon,[null]
-300.39528491521696,59.41174419736054,-126.77662617211625,3e4bf28d-f1b7-446b-b43c-1598cc1f19b7,minecraft:salmon,true,Salmon,[null]
-340.5570258825962,36.0,-100.61776492692788,de794adb-2f42-4fc4-9049-21182f013464,minecraft:skeleton,true,Skeleton,[null]
-337.53423924921094,59.0,-176.49999824201058,165f72e1-93ab-4626-b174-032ecbde8621,minecraft:cod,true,Cod,[null]
-337.1505530986302,59.0,-177.69804513378205,5b2947c5-4aec-4763-b0e3-e5a9fa21b94c,minecraft:cod,true,Cod,[null]
-225.53866459308213,51.11868193896356,-167.8494514647514,a559ffad-4c4b-4018-a47a-794fb87d9af6,minecraft:bat,true,Bat,[null]
-331.5,45.0,-43.5,f2deb817-260d-4a51-be08-c80de0309da0,minecraft:zombie,true,Zombie,[null]
-197.5,29.0,-122.5,a1d3dff8-a013-4fab-9262-d0eea09d1edd,minecraft:zombie,true,Zombie,[null]
-202.5,29.0,-81.5,97fba011-a54e-44ff-8778-f2faf86006f1,minecraft:creeper,true,Creeper,[null]
-381.4978132821882,15.904327682608082,-181.44005448891332,755b77e4-e2a3-4767-82e3-6655e7352171,minecraft:bat,true,Bat,[null]
-389.4463329579411,46.08935501062616,-80.5047483069335,8adc01c7-fd51-4e66-a52e-d918ffcd0aec,minecraft:bat,true,Bat,[null]
-366.1935891011139,54.84509645501454,-94.40334509030859,205da9f5-1fa4-40e6-a52a-135a00297cff,minecraft:bat,true,Bat,[null]
-373.0154380580022,54.15995002120154,-93.58644108500674,10affc29-2b84-4a69-a663-44c00e040832,minecraft:bat,true,Bat,[null]
-373.50748843572893,55.157416534467515,-92.48190536358032,6729a711-3ad6-4975-96aa-44d204a17a51,minecraft:bat,true,Bat,[null]
-231.6580025876605,56.0,-118.69999998807907,22b28ba7-10bc-4350-bef0-df19dd910e4c,minecraft:skeleton,true,Skeleton,[null]
-255.6228538125301,21.0,-239.75405091172314,067988ef-6605-4f5b-aac4-2298dc838836,minecraft:skeleton,true,Skeleton,[null]
-194.55754616156102,31.0,-123.30000001192093,8302e486-75cc-4a87-8251-65a0f5902ec0,minecraft:creeper,true,Creeper,[null]
-194.41856765210764,31.0,-124.03936222772576,6168fc4f-e27b-4dd8-a612-10afa7a0b0dc,minecraft:creeper,true,Creeper,[null]
-195.04784822786087,31.0,-124.85176059133839,43ecf0a8-8c08-4a49-a171-b42f56ec8c07,minecraft:zombie,true,Zombie,[null]
-363.7540324440311,51.0,-67.50938966538587,0dd63ea6-a4e1-4cb2-b864-965ccb766b38,minecraft:skeleton,true,Skeleton,[null]
-217.5,49.0,-197.5,e61fe95d-dc34-417e-86b4-fb49cc602774,minecraft:creeper,true,Creeper,[null]
-217.5,49.0,-196.5,7344820d-2282-48d3-bccf-251dafee2403,minecraft:creeper,true,Creeper,[null]
-226.20010260203756,49.0,-188.76316598010732,ee8c6bb1-f701-473a-b6b0-58a3c19e4131,minecraft:skeleton,true,Skeleton,[null]
-202.69999998807907,28.0,-99.30000001192093,af26017a-8980-48e7-ae64-1357812d06bc,minecraft:zombie,true,Zombie,[null]
-329.5,15.0,-228.5,0568992b-0d0c-4ba2-a31b-46a1924030ef,minecraft:zombie,true,Zombie,[null]
-382.47410410786233,43.2364892773491,-71.2793195872909,09a7e8e8-7256-4e5c-b0fd-77ef6fa03fcd,minecraft:bat,true,Bat,[null]
-364.2215023543387,55.02844575542058,-90.76978721904818,8352cd50-4620-40a8-a75b-a5ba5f98e1c7,minecraft:bat,true,Bat,[null]
-224.50582013986795,30.0,-246.2873605891305,a8219149-85d3-45e5-8dd1-255653a7e9e0,minecraft:enderman,true,Enderman,[null]
-230.5,53.0,-199.5,593f5566-61e3-4511-bf32-40e9a2a302c5,minecraft:creeper,true,Creeper,[null]
-240.78896529905546,23.0,-171.80234497643056,4bbca767-62b2-4057-8951-5763f1c15b6a,minecraft:zombie,true,Zombie,[null]
-246.09108177250943,23.0,-180.50030107088975,3b79fad8-72b4-4d87-a525-2c574ebc0880,minecraft:zombie,true,Zombie,[null]
-247.5,23.0,-181.5,65b09484-f35d-44f8-bec7-77cf1a6cb168,minecraft:zombie,true,Zombie,[null]
-243.50517768085294,23.0,-171.66386865923025,16d44c65-74c3-4b40-b49a-f83ff2f3a7a7,minecraft:skeleton,true,Skeleton,[null]
-301.5,22.0,-54.5,49546f60-6d7a-492c-b616-98650c423f75,minecraft:creeper,true,Creeper,[null]
-392.5,36.0,-175.5,2845d19c-fcf3-4abb-a970-ecb4360b8207,minecraft:zombie,true,Zombie,[null]
-350.1486521321431,59.914666558243134,-179.08958944147963,2699024c-6a11-4f09-8052-9673e59c19c1,minecraft:cod,true,Cod,[null]
-350.4332691759417,59.485927797972636,-180.44027413961624,54bb05e6-7226-45de-9ba2-db6d6e712503,minecraft:cod,true,Cod,[null]
-317.5,17.0,-58.5,80e2e14b-db10-4fdb-8397-815fc32cd6d2,minecraft:skeleton,true,Skeleton,[null]
-392.59084903728217,49.53113936027512,-196.9109514639713,6681910b-240f-47b6-ba4a-d749f907d83a,minecraft:squid,true,Squid,[null]
-396.7439577516634,47.47135616699234,-202.4711913841311,13cbc62b-e9ac-4e10-92ca-f02f4c78bf84,minecraft:squid,true,Squid,[null]
-399.82869844697416,51.657227233517915,-198.13396891625598,2102e174-848a-4492-832c-419f425d1b52,minecraft:squid,true,Squid,[null]
-391.37199970148504,52.03200693894178,-196.1718350443989,fb7030b8-381c-454a-a66c-c050b0f0dec2,minecraft:squid,true,Squid,[null]
-266.2169581405714,16.0,-191.7345970719584,83b499eb-616c-47c9-ad54-06755294eb50,minecraft:zombie,true,Zombie,[null]
-200.5,34.0,-71.5,afd00159-4d24-4769-a3d9-656cae7575a9,minecraft:zombie,true,Zombie,[null]
-220.5,50.0,-195.5,7967a728-c54a-454e-998f-1bc2b0b45cd5,minecraft:skeleton,true,Skeleton,[null]
-234.22492575108691,40.0,-53.48665190370677,44ab41e7-95ec-4115-bc5f-1489ed6c904f,minecraft:zombie,true,Zombie,[null]
-214.5,23.0,-65.5,1651e84b-cb07-428f-baf8-04cab6c7f686,minecraft:creeper,true,Creeper,[null]
-219.5,18.0,-97.5,f5d1054d-e041-4dca-b241-283f1b8d21e5,minecraft:skeleton,true,Skeleton,[null]
-358.95148038974827,40.0,-48.48007137961815,bef6c2e2-8b27-44b3-9da2-3e8fae84de1e,minecraft:zombie,true,Zombie,[null]
-345.5,45.0,-228.5,ae807010-c962-40de-927f-aa24f87a276a,minecraft:drowned,true,Drowned,[null]
-224.80855126120377,42.00133597911215,-85.13515208371571,0e7a550e-4c8d-4dcd-8ea1-0343e9a3b759,minecraft:spider,true,Spider,[null]
-180.69999998807907,29.0,-121.5017643451321,594db26e-09fb-4c39-a384-4c4d3435129e,minecraft:skeleton,true,Skeleton,[null]
-242.5,23.0,-55.5,1901affc-7da0-472b-a328-f165f9bb7c79,minecraft:zombie,true,Zombie,[null]
-239.5,23.0,-58.5,4f1cf1e3-faae-4e5a-bce3-e1229d3135d1,minecraft:creeper,true,Creeper,[null]
-220.71527850352024,29.03466434311426,-74.28472149647979,dcd3c675-e9e4-4d11-8d42-3f6a86302d74,minecraft:bat,true,Bat,[null]
-265.5,13.0,-149.5,27e3bfc9-c45c-4670-889f-f4e1c6d1fd79,minecraft:creeper,true,Creeper,[null]
-266.5,13.0,-149.5,70cd116a-a89e-428f-81cc-d113736c8f12,minecraft:creeper,true,Creeper,[null]
-267.5,13.0,-146.5,95103070-902c-4933-9be8-348b213ab346,minecraft:creeper,true,Creeper,[null]
